{"SpriteType":0,"SpawnTime":1.0,"MaxHealth":4,"Speed":4.0,"KnockBackForce":1.0,"DropExp":2}{"SpriteType":1,"SpawnTime":0.800000011920929,"MaxHealth":6,"Speed":5.0,"KnockBackForce":0.800000011920929,"DropExp":3}{"SpriteType":2,"SpawnTime":0.6000000238418579,"MaxHealth":8,"Speed":6.0,"KnockBackForce":0.6000000238418579,"DropExp":4}{"SpriteType":3,"SpawnTime":0.4000000059604645,"MaxHealth":10,"Speed":8.0,"KnockBackForce":0.4000000059604645,"DropExp":5}{"SpriteType":4,"SpawnTime":0.20000000298023225,"MaxHealth":0,"Speed":10.0,"KnockBackForce":0.20000000298023225,"DropExp":6}